frame_index,lm_idx0,lm_idx1,lm_name0,lm_name1,world_distance,pt0_x,pt0_y,pt1_x,pt1_y,w0_x,w0_y,w0_z,w1_x,w1_y,w1_z
98,9,13,middle_finger_mcp,ring_finger_mcp,0.0005305730139767601,426,802,1563,738,0.0049545378424227,0.000626896857284,-0.0010733428644016,0.0048938929103314,0.0010084515670314,-0.0007096865447238
