frame_index,lm_idx0,lm_idx1,lm_name0,lm_name1,world_distance,pt0_x,pt0_y,pt1_x,pt1_y,w0_x,w0_y,w0_z,w1_x,w1_y,w1_z
122,19,3,pinky_dip,thumb_ip,0.0006545639065645671,438,821,1539,766,-0.0085653327405452,0.0105620957911014,0.0325710400938987,-0.0080862864851951,0.0105890640988945,0.0330162830650806
